-- 9 categories × 3 products × 2–3 variants; images on variants only
-- Placeholder image per task spec.
-- Ensures categories exist even if 004 was skipped (Supabase SQL editor / partial migrations).

INSERT INTO categories (id, name, slug, parent_id, image_url) VALUES
  ('c1000000-0000-0000-0000-000000000001', 'סט טלית ותפילין', 'set-tallit-tefilin', NULL,
   'https://placehold.co/640x480/FDFDF9/002366?text=%D7%A1%D7%98+%D7%98%D7%9C%D7%99%D7%AA'),
  ('c2000000-0000-0000-0000-000000000002', 'מזוזות', 'mezuzot', NULL,
   'https://placehold.co/640x480/FDFDF9/002366?text=%D7%9E%D7%96%D7%95%D7%96%D7%95%D7%AA'),
  ('c3000000-0000-0000-0000-000000000003', 'כיסויי חלה', 'challah-covers', NULL,
   'https://placehold.co/640x480/FDFDF9/002366?text=%D7%9B%D7%99%D7%A1%D7%95%D7%99%D7%99+%D7%97%D7%9C%D7%94'),
  ('c4000000-0000-0000-0000-000000000004', 'פמוטים', 'pamin', NULL,
   'https://placehold.co/640x480/FDFDF9/002366?text=%D7%A4%D7%9E%D7%95%D7%98%D7%99%D7%9D'),
  ('c5000000-0000-0000-0000-000000000005', 'ברכונים', 'birkonim', NULL,
   'https://placehold.co/640x480/FDFDF9/002366?text=%D7%91%D7%A8%D7%9B%D7%95%D7%A0%D7%99%D7%9D'),
  ('c6000000-0000-0000-0000-000000000006', 'כיפות', 'kippot', NULL,
   'https://placehold.co/640x480/FDFDF9/002366?text=%D7%9B%D7%99%D7%A4%D7%95%D7%AA'),
  ('c7000000-0000-0000-0000-000000000007', 'כיסויי פלטה', 'blech-covers', NULL,
   'https://placehold.co/640x480/FDFDF9/002366?text=%D7%9B%D7%99%D7%A1%D7%95%D7%99+%D7%A4%D7%9C%D7%98%D7%94'),
  ('c8000000-0000-0000-0000-000000000008', 'גביעי קידוש', 'kiddush-cups', NULL,
   'https://placehold.co/640x480/FDFDF9/002366?text=%D7%92%D7%91%D7%99%D7%A2%D7%99+%D7%A7%D7%99%D7%93%D7%95%D7%A9'),
  ('c9000000-0000-0000-0000-000000000009', 'נטילת ידיים', 'netilat-yadayim', NULL,
   'https://placehold.co/640x480/FDFDF9/002366?text=%D7%A0%D7%98%D7%99%D7%9C%D7%AA+%D7%99%D7%93%D7%99%D7%99%D7%9D')
ON CONFLICT (id) DO NOTHING;

INSERT INTO products (id, category_id, name, slug, description) VALUES
  ('e0000000-0000-0000-0000-000000000001', 'c1000000-0000-0000-0000-000000000001', 'סט בר מצווה מהודר', 'set-bar-mitzvah-mehudar', 'סט טלית ותפילין לבר מצווה, אריזת מתנה.'),
  ('e0000000-0000-0000-0000-000000000002', 'c1000000-0000-0000-0000-000000000001', 'סט עור מלא', 'set-or-male', 'תיק עור לטלית ותפילין.'),
  ('e0000000-0000-0000-0000-000000000003', 'c1000000-0000-0000-0000-000000000001', 'סט נסיעות קומפקטי', 'set-neisot', 'סט קל למזוודה.'),
  ('e0000000-0000-0000-0000-000000000004', 'c2000000-0000-0000-0000-000000000002', 'מזוזה 12 ס״ם', 'mezuzah-12', 'מזוזה כשרה למזוזת בית.'),
  ('e0000000-0000-0000-0000-000000000005', 'c2000000-0000-0000-0000-000000000002', 'מזוזה במארז עץ', 'mezuzah-wood-case', 'כולל בית מזוזה מעץ.'),
  ('e0000000-0000-0000-0000-000000000006', 'c2000000-0000-0000-0000-000000000002', 'מזוזה פיוטר מהודרת', 'mezuzah-pewter', 'בית מזוזה פיוטר.'),
  ('e0000000-0000-0000-0000-000000000007', 'c3000000-0000-0000-0000-000000000003', 'כיסוי חלה רקמה', 'challah-cover-riche', 'קטיפה עם רקמה.'),
  ('e0000000-0000-0000-0000-000000000008', 'c3000000-0000-0000-0000-000000000003', 'כיסוי חלה סאטן', 'challah-satin', 'סאטן לבן מהודר.'),
  ('e0000000-0000-0000-0000-000000000009', 'c3000000-0000-0000-0000-000000000003', 'כיסוי שבת ויום טוב', 'challah-shabbat-yt', 'סט כיסויים כפול.'),
  ('e0000000-0000-0000-0000-00000000000a', 'c4000000-0000-0000-0000-000000000004', 'פמוטים כסף טהור', 'pamin-silver', 'זוג פמוטים כסף.'),
  ('e0000000-0000-0000-0000-00000000000b', 'c4000000-0000-0000-0000-000000000004', 'פמוטים נירוסטה', 'pamin-steel', 'נירוסטה לשולחן שבת.'),
  ('e0000000-0000-0000-0000-00000000000c', 'c4000000-0000-0000-0000-000000000004', 'פמוטי קריסטל', 'pamin-crystal', 'קריסטל מהודר.'),
  ('e0000000-0000-0000-0000-00000000000d', 'c5000000-0000-0000-0000-000000000005', 'ברכון עור', 'birkon-leather', 'ברכון בכריכת עור.'),
  ('e0000000-0000-0000-0000-00000000000e', 'c5000000-0000-0000-0000-000000000005', 'ברכון כיס', 'birkon-pocket', 'פורמט כיס.'),
  ('e0000000-0000-0000-0000-00000000000f', 'c5000000-0000-0000-0000-000000000005', 'ברכון משפחתי', 'birkon-family', 'גדול לשולחן חג.'),
  ('e0000000-0000-0000-0000-000000000010', 'c6000000-0000-0000-0000-000000000006', 'כיפה סרוגה', 'kippah-knit', 'סרוגה יד.'),
  ('e0000000-0000-0000-0000-000000000011', 'c6000000-0000-0000-0000-000000000006', 'כיפת קטיפה', 'kippah-velvet', 'קטיפה עם עיטור.'),
  ('e0000000-0000-0000-0000-000000000012', 'c6000000-0000-0000-0000-000000000006', 'כיפת סאטן', 'kippah-satin', 'סאטן לאירועים.'),
  ('e0000000-0000-0000-0000-000000000013', 'c7000000-0000-0000-0000-000000000007', 'כיסוי פלטה מנירוסטה', 'blech-cover-steel', 'נירוסטה לפלטה.'),
  ('e0000000-0000-0000-0000-000000000014', 'c7000000-0000-0000-0000-000000000007', 'כיסוי פלטה בד', 'blech-cover-fabric', 'בד מבודד חום.'),
  ('e0000000-0000-0000-0000-000000000015', 'c7000000-0000-0000-0000-000000000007', 'כיסוי פלטה מהודר', 'blech-cover-mehudar', 'דגם פרימיום.'),
  ('e0000000-0000-0000-0000-000000000016', 'c8000000-0000-0000-0000-000000000008', 'גביע קידוש כסף', 'kiddush-cup-silver', 'כסף טהור.'),
  ('e0000000-0000-0000-0000-000000000017', 'c8000000-0000-0000-0000-000000000008', 'גביע קידוש נירוסטה', 'kiddush-cup-steel', 'נירוסטה מוברש.'),
  ('e0000000-0000-0000-0000-000000000018', 'c8000000-0000-0000-0000-000000000008', 'גביע קידוש זוגי', 'kiddush-cup-pair', 'זוג גביעים מתאימים.'),
  ('e0000000-0000-0000-0000-000000000019', 'c9000000-0000-0000-0000-000000000009', 'נטלה נירוסטה', 'netilat-steel', 'כלי נירוסטה לנטילה.'),
  ('e0000000-0000-0000-0000-00000000001a', 'c9000000-0000-0000-0000-000000000009', 'נטלה פיוטר', 'netilat-pewter', 'עיצוב קלאסי.'),
  ('e0000000-0000-0000-0000-00000000001b', 'c9000000-0000-0000-0000-000000000009', 'סט נטלה וכוס', 'netilat-set', 'סט מלא לכיור.')
ON CONFLICT (id) DO NOTHING;

INSERT INTO product_variants (product_id, variant_name, price, stock_quantity, sku, image_url) VALUES
  ('e0000000-0000-0000-0000-000000000001', 'טלית 50 / תפילין רגיל', 890.00, 6, 'TTF-BM-50-REG', 'https://placehold.co/600x800?text=Variant'),
  ('e0000000-0000-0000-0000-000000000001', 'טלית 60 / תפילין גסות', 1090.00, 4, 'TTF-BM-60-GAS', 'https://placehold.co/600x800?text=Variant'),
  ('e0000000-0000-0000-0000-000000000002', 'חום כהה', 720.00, 8, 'TTF-OR-BRN', 'https://placehold.co/600x800?text=Variant'),
  ('e0000000-0000-0000-0000-000000000002', 'שחור', 720.00, 8, 'TTF-OR-BLK', 'https://placehold.co/600x800?text=Variant'),
  ('e0000000-0000-0000-0000-000000000002', 'כחול כהה', 735.00, 5, 'TTF-OR-BLU', 'https://placehold.co/600x800?text=Variant'),
  ('e0000000-0000-0000-0000-000000000003', 'קומפקטי קטן', 450.00, 12, 'TTF-NS-S', 'https://placehold.co/600x800?text=Variant'),
  ('e0000000-0000-0000-0000-000000000003', 'קומפקטי בינוני', 475.00, 10, 'TTF-NS-M', 'https://placehold.co/600x800?text=Variant'),
  ('e0000000-0000-0000-0000-000000000004', 'כתב בית יוסף', 65.00, 40, 'MEZ-12-BY', 'https://placehold.co/600x800?text=Variant'),
  ('e0000000-0000-0000-0000-000000000004', 'כתב אר״י', 75.00, 35, 'MEZ-12-AR', 'https://placehold.co/600x800?text=Variant'),
  ('e0000000-0000-0000-0000-000000000005', 'עץ אלון', 120.00, 15, 'MEZ-WC-OAK', 'https://placehold.co/600x800?text=Variant'),
  ('e0000000-0000-0000-0000-000000000005', 'עץ אגוז', 135.00, 12, 'MEZ-WC-WLN', 'https://placehold.co/600x800?text=Variant'),
  ('e0000000-0000-0000-0000-000000000005', 'עץ זית', 145.00, 10, 'MEZ-WC-OLV', 'https://placehold.co/600x800?text=Variant'),
  ('e0000000-0000-0000-0000-000000000006', 'מוברש', 95.00, 20, 'MEZ-PW-BRS', 'https://placehold.co/600x800?text=Variant'),
  ('e0000000-0000-0000-0000-000000000006', 'מחוספס', 95.00, 18, 'MEZ-PW-SAT', 'https://placehold.co/600x800?text=Variant'),
  ('e0000000-0000-0000-0000-000000000007', 'פרחים לבן', 180.00, 9, 'CHC-RIC-WFL', 'https://placehold.co/600x800?text=Variant'),
  ('e0000000-0000-0000-0000-000000000007', 'ירושלים זהב', 195.00, 7, 'CHC-RIC-JLM', 'https://placehold.co/600x800?text=Variant'),
  ('e0000000-0000-0000-0000-000000000007', 'שבת ויום טוב', 210.00, 6, 'CHC-RIC-SHAB', 'https://placehold.co/600x800?text=Variant'),
  ('e0000000-0000-0000-0000-000000000008', 'לבן חלק', 95.00, 22, 'CHC-SAT-WHT', 'https://placehold.co/600x800?text=Variant'),
  ('e0000000-0000-0000-0000-000000000008', 'קרם', 95.00, 20, 'CHC-SAT-CRM', 'https://placehold.co/600x800?text=Variant'),
  ('e0000000-0000-0000-0000-000000000009', 'זוג כפול לבן', 220.00, 8, 'CHC-DB-WHT', 'https://placehold.co/600x800?text=Variant'),
  ('e0000000-0000-0000-0000-000000000009', 'זוג כפול קרם', 220.00, 8, 'CHC-DB-CRM', 'https://placehold.co/600x800?text=Variant'),
  ('e0000000-0000-0000-0000-00000000000a', 'גובה 25 ס״ם', 1200.00, 3, 'PAM-SV-25', 'https://placehold.co/600x800?text=Variant'),
  ('e0000000-0000-0000-0000-00000000000a', 'גובה 30 ס״ם', 1450.00, 2, 'PAM-SV-30', 'https://placehold.co/600x800?text=Variant'),
  ('e0000000-0000-0000-0000-00000000000b', 'גבוה', 180.00, 14, 'PAM-ST-TAL', 'https://placehold.co/600x800?text=Variant'),
  ('e0000000-0000-0000-0000-00000000000b', 'נמוך', 165.00, 16, 'PAM-ST-SHT', 'https://placehold.co/600x800?text=Variant'),
  ('e0000000-0000-0000-0000-00000000000b', 'בינוני', 172.00, 15, 'PAM-ST-MED', 'https://placehold.co/600x800?text=Variant'),
  ('e0000000-0000-0000-0000-00000000000c', 'זוג עם בסיס', 420.00, 6, 'PAM-CR-BS', 'https://placehold.co/600x800?text=Variant'),
  ('e0000000-0000-0000-0000-00000000000c', 'זוג קלאסי', 380.00, 7, 'PAM-CR-CL', 'https://placehold.co/600x800?text=Variant'),
  ('e0000000-0000-0000-0000-00000000000d', 'חום', 85.00, 25, 'BRK-LTH-BRN', 'https://placehold.co/600x800?text=Variant'),
  ('e0000000-0000-0000-0000-00000000000d', 'שחור', 85.00, 25, 'BRK-LTH-BLK', 'https://placehold.co/600x800?text=Variant'),
  ('e0000000-0000-0000-0000-00000000000e', 'כיס קטן', 35.00, 50, 'BRK-PK-S', 'https://placehold.co/600x800?text=Variant'),
  ('e0000000-0000-0000-0000-00000000000e', 'כיס בינוני', 38.00, 45, 'BRK-PK-M', 'https://placehold.co/600x800?text=Variant'),
  ('e0000000-0000-0000-0000-00000000000e', 'כיס גדול', 42.00, 40, 'BRK-PK-L', 'https://placehold.co/600x800?text=Variant'),
  ('e0000000-0000-0000-0000-00000000000f', '120 דפים', 55.00, 30, 'BRK-FAM-120', 'https://placehold.co/600x800?text=Variant'),
  ('e0000000-0000-0000-0000-00000000000f', '180 דפים', 68.00, 22, 'BRK-FAM-180', 'https://placehold.co/600x800?text=Variant'),
  ('e0000000-0000-0000-0000-000000000010', 'מידה 15', 28.00, 60, 'KIP-KN-15', 'https://placehold.co/600x800?text=Variant'),
  ('e0000000-0000-0000-0000-000000000010', 'מידה 16', 28.00, 55, 'KIP-KN-16', 'https://placehold.co/600x800?text=Variant'),
  ('e0000000-0000-0000-0000-000000000010', 'מידה 17', 28.00, 50, 'KIP-KN-17', 'https://placehold.co/600x800?text=Variant'),
  ('e0000000-0000-0000-0000-000000000011', 'שחור', 45.00, 35, 'KIP-VV-BLK', 'https://placehold.co/600x800?text=Variant'),
  ('e0000000-0000-0000-0000-000000000011', 'כחול', 45.00, 32, 'KIP-VV-BLU', 'https://placehold.co/600x800?text=Variant'),
  ('e0000000-0000-0000-0000-000000000012', 'לבן', 32.00, 40, 'KIP-ST-WHT', 'https://placehold.co/600x800?text=Variant'),
  ('e0000000-0000-0000-0000-000000000012', 'שמפניה', 32.00, 38, 'KIP-ST-CHM', 'https://placehold.co/600x800?text=Variant'),
  ('e0000000-0000-0000-0000-000000000012', 'כסף', 36.00, 28, 'KIP-ST-SLV', 'https://placehold.co/600x800?text=Variant'),
  ('e0000000-0000-0000-0000-000000000013', 'סטנדרט', 95.00, 18, 'BLC-ST-STD', 'https://placehold.co/600x800?text=Variant'),
  ('e0000000-0000-0000-0000-000000000013', 'רחב', 110.00, 12, 'BLC-ST-WIDE', 'https://placehold.co/600x800?text=Variant'),
  ('e0000000-0000-0000-0000-000000000014', 'לבן', 75.00, 20, 'BLC-FB-WHT', 'https://placehold.co/600x800?text=Variant'),
  ('e0000000-0000-0000-0000-000000000014', 'קרם', 75.00, 20, 'BLC-FB-CRM', 'https://placehold.co/600x800?text=Variant'),
  ('e0000000-0000-0000-0000-000000000014', 'אפור', 78.00, 18, 'BLC-FB-GRY', 'https://placehold.co/600x800?text=Variant'),
  ('e0000000-0000-0000-0000-000000000015', 'פרימיום XL', 145.00, 8, 'BLC-PR-XL', 'https://placehold.co/600x800?text=Variant'),
  ('e0000000-0000-0000-0000-000000000015', 'פרימיום רגיל', 125.00, 10, 'BLC-PR-REG', 'https://placehold.co/600x800?text=Variant'),
  ('e0000000-0000-0000-0000-000000000016', 'גביע בודד', 680.00, 4, 'KID-SV-1', 'https://placehold.co/600x800?text=Variant'),
  ('e0000000-0000-0000-0000-000000000016', 'זוג כסף', 1280.00, 2, 'KID-SV-2', 'https://placehold.co/600x800?text=Variant'),
  ('e0000000-0000-0000-0000-000000000017', 'מוברש', 120.00, 14, 'KID-ST-BRS', 'https://placehold.co/600x800?text=Variant'),
  ('e0000000-0000-0000-0000-000000000017', 'מט', 115.00, 15, 'KID-ST-MAT', 'https://placehold.co/600x800?text=Variant'),
  ('e0000000-0000-0000-0000-000000000018', 'זוג קטן', 240.00, 9, 'KID-PR-S', 'https://placehold.co/600x800?text=Variant'),
  ('e0000000-0000-0000-0000-000000000018', 'זוג גדול', 280.00, 7, 'KID-PR-L', 'https://placehold.co/600x800?text=Variant'),
  ('e0000000-0000-0000-0000-000000000018', 'זוג מהודר', 310.00, 5, 'KID-PR-DLX', 'https://placehold.co/600x800?text=Variant'),
  ('e0000000-0000-0000-0000-000000000019', 'קיבולת 0.5 ליטר', 85.00, 16, 'NET-ST-05', 'https://placehold.co/600x800?text=Variant'),
  ('e0000000-0000-0000-0000-000000000019', 'קיבולת 1 ליטר', 98.00, 12, 'NET-ST-10', 'https://placehold.co/600x800?text=Variant'),
  ('e0000000-0000-0000-0000-00000000001a', 'קלאסי', 72.00, 14, 'NET-PW-CL', 'https://placehold.co/600x800?text=Variant'),
  ('e0000000-0000-0000-0000-00000000001a', 'מודרני', 78.00, 12, 'NET-PW-MD', 'https://placehold.co/600x800?text=Variant'),
  ('e0000000-0000-0000-0000-00000000001a', 'מצויר', 95.00, 8, 'NET-PW-ART', 'https://placehold.co/600x800?text=Variant'),
  ('e0000000-0000-0000-0000-00000000001b', 'סט בסיסי', 135.00, 10, 'NET-SET-BAS', 'https://placehold.co/600x800?text=Variant'),
  ('e0000000-0000-0000-0000-00000000001b', 'סט מהודר', 168.00, 8, 'NET-SET-DLX', 'https://placehold.co/600x800?text=Variant')
ON CONFLICT (sku) DO NOTHING;
